-- AeroDan Database Dump
SET FOREIGN_KEY_CHECKS = 0;

CREATE TABLE `missiles` (
  `id` int NOT NULL AUTO_INCREMENT,
  `name` varchar(70) NOT NULL,
  `type` varchar(70) DEFAULT NULL,
  `num_of_stages` int DEFAULT NULL,
  `family_type` varchar(45) DEFAULT NULL,
  `explosive_type` varchar(45) DEFAULT NULL,
  `executive_summary_file_name` varchar(100) DEFAULT NULL,
  `content_rv_file_name` varchar(100) DEFAULT NULL,
  `content_bt_file_name` varchar(100) DEFAULT NULL,
  `flight_logic_file_name` varchar(100) DEFAULT NULL,
  PRIMARY KEY (`id`),
  UNIQUE KEY `id_UNIQUE` (`id`),
  UNIQUE KEY `name_UNIQUE` (`name`)
) ENGINE=InnoDB AUTO_INCREMENT=8 DEFAULT CHARSET=utf8mb4 COLLATE=utf8mb4_0900_ai_ci;

INSERT INTO missiles (id, name, type, num_of_stages, family_type, explosive_type, executive_summary_file_name, content_rv_file_name, content_bt_file_name, flight_logic_file_name) VALUES 
(4, 'Bulava', 'Ballistic Missile', 4, 'issile', 'mirv', 'blava.htm', 'blava_v.htm', 'blava_bt.htm', 'blava_logic.htm'),
(5, 'Emad', 'Ballistic Missile', 1, 'issile', 'whole', 'emad.htm', 'emad_v.htm', 'emad_bt.htm', 'emad_logic.htm'),
(6, 'Shahed 136', 'Kamikaze Drone', 1, 'N/A', 'clster', 'shahed.htm', 'shahed_v.htm', 'shahed_bt.htm', 'shahed_logic.htm'),
(7, 'Hajqasem', 'Ballistic Missile', 1, 'issile', 'whole', 'hajqasem.htm', 'hajqasem_v.htm', 'hajqasem_bt.htm', 'hajqasem_logic.htm');

CREATE TABLE `weightandsize` (
  `idweightandsize` int NOT NULL,
  `missile_id` int NOT NULL,
  `missile_name` varchar(70) DEFAULT NULL,
  `description` varchar(100) DEFAULT NULL,
  `generic_name` varchar(45) DEFAULT NULL,
  `property_value` text,
  `sign` varchar(10) DEFAULT NULL,
  `unit` varchar(10) DEFAULT NULL,
  `subject` varchar(45) DEFAULT NULL,
  KEY `missile_id_idx` (`missile_id`),
  CONSTRAINT `ws_missile_id` FOREIGN KEY (`missile_id`) REFERENCES `missiles` (`id`)
) ENGINE=InnoDB DEFAULT CHARSET=utf8mb4 COLLATE=utf8mb4_0900_ai_ci;

INSERT INTO weightandsize (idweightandsize, missile_id, missile_name, description, generic_name, property_value, sign, unit, subject) VALUES 
(87, 4, 'bulava', 'Diameter(Reference)', 'd', '2', 'L', 'm', 'general'),
(88, 4, 'bulava', 'Total Length', 'length', '12.1', 'L', 'm', 'general'),
(89, 4, 'bulava', 'Length Nose Section', 'length', '4', 'L', 'm', 'rv'),
(90, 4, 'bulava', 'Length Section Forward Conical in Nose', 'length', '0.6', 'L', 'm', 'rv'),
(91, 4, 'bulava', 'Length Section Aft Conical in Nose', 'length', '2', 'L', 'm', 'rv'),
(92, 4, 'bulava', 'Wall Thickness Warhead', NULL, '0.58', 'L', 'm', 'rv'),
(93, 4, 'bulava', 'Length Section Propulsion Unit', 'length', '11', 'L', 'm', 'booster'),
(94, 4, 'bulava', 'Wall Thickness Engine', NULL, '0.028', 'L', 'm', 'booster'),
(95, 4, 'bulava', 'Length Section Nozzle', 'length', '0.8', 'L', 'mm', 'booster'),
(96, 4, 'bulava', 'Stabilizer Span Total', NULL, '4.9', 'L', 'mm', 'stabilizer'),
(97, 4, 'bulava', 'Stabilizer Span Exposed', NULL, '2.4', 'L', 'mm', 'stabilizer'),
(98, 4, 'bulava', 'Root Chord of Stabilizer set Rear 3', NULL, '0.9', 'L', 'mm', 'stabilizer'),
(99, 4, 'bulava', 'Tip Chord of Stabilizer set Rear 3', NULL, '2', 'L', 'mm', 'stabilizer'),
(100, 4, 'bulava', 'Root Chord of Stabilizer set Rear 2', NULL, '0.3', 'L', 'mm', 'stabilizer'),
(101, 4, 'bulava', 'Tip Chord of Stabilizer set Rear 2', NULL, '0.9', 'L', 'mm', 'stabilizer'),
(102, 4, 'bulava', 'Fin Span Total', NULL, '3.4', 'L', 'mm', 'steering'),
(103, 4, 'bulava', 'Fin Span Exposed', NULL, '0.9', 'L', 'mm', 'steering'),
(104, 4, 'bulava', 'Root Chord of Fin set 1', NULL, '0.5', 'L', 'mm', 'steering'),
(105, 4, 'bulava', 'Tip Chord of Fin set 1', NULL, '0', 'L', 'mm', 'steering'),
(106, 4, 'bulava', 'Maximum Thickness of the Fins', NULL, '0.075', 'L', 'mm', 'steering'),
(107, 4, 'bulava', 'Maximum Thickness of the Stabilizers 2', NULL, '0.03', 'L', 'mm', 'stabilizer'),
(108, 4, 'bulava', 'Maximum Thickness of the Stabilizers 3', NULL, '0.004', 'L', 'mm', 'stabilizer'),
(109, 4, 'bulava', 'Weight Warhead', 'wh_weight', '701', 'W', 'kg', 'rv'),
(110, 4, 'bulava', 'Weight Explosive', 'launch_weight', '600', 'W', 'kg', 'rv'),
(111, 4, 'bulava', 'Length Warhead', 'length', '2', 'L', 'mm', 'rv'),
(112, 4, 'bulava', 'Length Explosive', 'length', '0.9', 'L', 'mm', 'rv'),
(113, 4, 'bulava', 'Position Start Explosive', NULL, '0.27', 'L', 'mm', 'rv'),
(114, 4, 'bulava', 'Diameter Explosive Maximum', 'diameter', '0.41', 'L', 'mm', 'rv'),
(115, 4, 'bulava', 'Diameter Explosive Minimum', 'diameter', '0.322', 'L', 'mm', 'rv'),
(116, 4, 'bulava', 'Weight Casing', 'launch_weight', '257', 'W', 'kg', 'rv'),
(117, 4, 'bulava', 'Weight Nose and Fuze', 'launch_weight', '11', 'W', 'kg', 'rv'),
(118, 5, 'emad', 'Weight Warhead', 'wh_weight', '750', 'W', 'kg', 'rv'),
(119, 5, 'emad', 'Total Length', 'length', '15.5', 'L', 'm', 'general'),
(120, 5, 'emad', 'Diameter(Reference)', 'd', '1.25', 'L', 'm', 'general'),
(121, 5, 'emad', 'Launch Weight', 'launch_weight', '17500', 'W', 'kg', 'general'),
(122, 5, 'emad', 'Combustion Chamber Diameter', 'diameter', '0.20', 'L', 'm', 'booster'),
(123, 5, 'emad', 'Combustion Chamber Length', 'length', '0.48', 'L', 'm', 'booster'),
(124, 5, 'emad', 'Nozzle Length', 'length', '1.2', 'L', 'm', 'booster'),
(125, 5, 'emad', 'Exit Diameter', 'diameter', '0.6', 'L', 'm', 'booster'),
(126, 5, 'emad', 'Total Length of Engine', 'length', '2.1', 'L', 'm', 'booster'),
(127, 5, 'emad', '*Length Nose Section', 'length', '3', 'L', 'mm', 'rv'),
(128, 5, 'emad', '*Length Section Forward Conical in Nose', 'length', '0.25', 'L', 'mm', 'rv'),
(129, 5, 'emad', '*Length Section Aft Conical in Nose', 'length', '1.11', 'L', 'mm', 'rv'),
(130, 5, 'emad', '*Stabilizer Span Total', NULL, '4.55', 'L', 'mm', 'stabilizer'),
(131, 5, 'emad', '*Stabilizer Span Exposed', NULL, '2.33', 'L', 'mm', 'stabilizer'),
(132, 5, 'emad', '*Root Chord of Stabilizer set Rear 3', NULL, '0.84', 'L', 'mm', 'stabilizer'),
(133, 5, 'emad', '*Tip Chord of Stabilizer set Rear 3', NULL, '1.06', 'L', 'mm', 'stabilizer'),
(134, 5, 'emad', '*Root Chord of Stabilizer set Rear 2', NULL, '0.11', 'L', 'mm', 'stabilizer'),
(135, 5, 'emad', '*Tip Chord of Stabilizer set Rear 2', NULL, '0.1', 'L', 'mm', 'stabilizer'),
(136, 5, 'emad', '*Fin Span Total', NULL, '2.1', 'L', 'mm', 'steering'),
(137, 5, 'emad', '*Fin Span Exposed', NULL, '0.55', 'L', 'mm', 'steering'),
(138, 5, 'emad', '*Root Chord of Fin set 1', NULL, '0.35', 'L', 'mm', 'steering'),
(139, 5, 'emad', '*Tip Chord of Fin set 1', NULL, '0', 'L', 'mm', 'steering'),
(140, 5, 'emad', 'Weight Explosive', 'launch_weight', '500', 'W', 'kg', 'rv'),
(141, 5, 'emad', 'Length Warhead', 'length', '10', 'L', 'm', 'rv'),
(142, 6, 'shahed136', 'Total Length', 'length', '3.5', 'L', 'm', 'general'),
(143, 6, 'shahed136', ' Maximum Range', 'max_range', '2500', 'L', 'km', 'general'),
(144, 6, 'shahed136', 'Weight', 'launch_weight', '200', 'W', 'kg', 'general'),
(145, 7, 'hajqasem', 'Total Length', 'length', '11.0', 'L', 'm', 'general'),
(146, 7, 'hajqasem', ' Maximum Range', 'max_range', '1400', 'L', 'km', 'general'),
(147, 7, 'hajqasem', 'Weight', 'launch_weight', '7000', 'W', 'kg', 'general'),
(148, 7, 'hajqasem', 'Diameter', 'diameter', '0.9', 'L', 'm', 'general'),
(149, 7, 'hajqasem', 'Weight Warhead', 'launch_weight', '500', 'W', 'kg', 'rv'),
(150, 4, 'bulava', 'Origin', 'origin', 'Russia', NULL, NULL, 'general'),
(151, 5, 'emad', 'Origin', 'origin', 'Iran', NULL, NULL, 'general'),
(152, 7, 'hajqasem', 'Origin', 'origin', 'Iran', NULL, NULL, 'general'),
(153, 6, 'shahed136', 'Origin', 'origin', 'Iran', NULL, NULL, 'general');

CREATE TABLE `aerodynamic` (
  `idaerodynamic` int NOT NULL,
  `missile_id` int NOT NULL,
  `missile_name` varchar(70) DEFAULT NULL,
  `part_name` varchar(25) NOT NULL,
  `aero_cx0_on` text,
  `aero_cx0_off` text,
  `aero_cna` text,
  `aero_xcp` text,
  `aero_cmq` text,
  `aero_cnd` text,
  `aero_clp` text,
  `aero_cl` text,
  `dim` int DEFAULT NULL,
  `mach_vec` varchar(255) DEFAULT NULL,
  `alpha_vec` varchar(255) DEFAULT NULL,
  UNIQUE KEY `idaerodynamic_UNIQUE` (`idaerodynamic`),
  KEY `ae_missile_id_idx` (`missile_id`),
  CONSTRAINT `ae_missile_id` FOREIGN KEY (`missile_id`) REFERENCES `missiles` (`id`)
) ENGINE=InnoDB DEFAULT CHARSET=utf8mb4 COLLATE=utf8mb4_0900_ai_ci;

INSERT INTO aerodynamic (idaerodynamic, missile_id, missile_name, part_name, aero_cx0_on, aero_cx0_off, aero_cna, aero_xcp, aero_cmq, aero_cnd, aero_clp, aero_cl, dim, mach_vec, alpha_vec) VALUES 
(15, 4, 'bulava', 'UN', '21.0 22.0 23.0 24.0 25.0 26.0 27.0 28.0 29.0 30.0 31.0 32.0 33.0 34.0 35.0', '21.11 22.11 23.11 24.11 25.11 26.11 27.11 28.11 29.11 30.11 31.11 32.11 33.11 34.11 35.11', '21.22 22.22 23.22 24.22 25.22 26.22 27.22 28.22 29.22 30.22 31.22 32.22 33.22 34.22 35.22', '21.33 22.33 23.33 24.33 25.33 26.33 27.33 28.33 29.33 30.33 31.33 32.33 33.33 34.33 35.33', '-21.88 -22.88 -23.88 -24.88 -25.88 -26.88 -27.88 -28.88 -29.88 -30.88 -31.88 -32.88 -33.88 -34.88 -35.88''''', 'NULL', '-21.88 -22.88 -23.88 -24.88 -25.88 -26.88 -27.88 -28.88 -29.88 -30.88 -31.88 -32.88 -33.88 -34.88 -35.88''', '0 0 0 0 0 0 0 0 0 0 0 0 0 0 0', 1, '0 0.8 1.0 1.2 2.4 4.7 5.0 6.0 7.0 8.0 9.0 10.0 11.0 12.0 15.0', 'NULL'),
(16, 4, 'bulava', 'UN', '21.0 22.0 23.0 24.0 25.0 26.0 27.0 28.0 29.0 30.0 31.0 32.0 33.0 34.0 35.0', '21.11 22.11 23.11 24.11 25.11 26.11 27.11 28.11 29.11 30.11 31.11 32.11 33.11 34.11 35.11', '21.22 22.22 23.22 24.22 25.22 26.22 27.22 28.22 29.22 30.22 31.22 32.22 33.22 34.22 35.22', '21.33 22.33 23.33 24.33 25.33 26.33 27.33 28.33 29.33 30.33 31.33 32.33 33.33 34.33 35.33', 'NULL', 'NULL', 'NULL', 'NULL', 2, '0 0.8 1.0 1.2 2.4 4.7 5.0 6.0 7.0 8.0 9.0 10.0 11.0 12.0 15.0', '0'),
(17, 4, 'bulava', 'RV', '"22.0 22.0 23.0 24.0 25.0 26.0 27.0 28.0 29.0 20.0 22.0 22.0 23.0 24.0 25.0
22.0 22.0 23.0 24.0 25.0 26.0 27.0 28.0 29.0 20.0 22.0 22.0 23.0 24.0 25.0
22.0 22.0 23.0 24.0 25.0 26.0 27.0 28.0 29.0 20.0 22.0 22.0 23.0 24.0 25.0
22.0 22.0 23.0 24.0 25.0 26.0 27.0 28.0 29.0 20.0 22.0 22.0 23.0 24.0 25.0
22.0 22.0 23.0 24.0 25.0 26.0 27.0 28.0 29.0 20.0 22.0 22.0 23.0 24.0 25.0
22.0 22.0 23.0 24.0 25.0 26.0 27.0 28.0 29.0 20.0 22.0 22.0 23.0 24.0 25.0
22.0 22.0 23.0 24.0 25.0 26.0 27.0 28.0 29.0 20.0 22.0 22.0 23.0 24.0 25.0
22.0 22.0 23.0 24.0 25.0 26.0 27.0 28.0 29.0 20.0 22.0 22.0 23.0 24.0 25.0
22.0 22.0 23.0 24.0 25.0 26.0 27.0 28.0 29.0 20.0 22.0 22.0 23.0 24.0 25.0
22.0 22.0 23.0 24.0 25.0 26.0 27.0 28.0 29.0 20.0 22.0 22.0 23.0 24.0 25.0"', '"22.2 22.2 23.2 24.2 25.2 26.2 27.2 28.2 29.2 20.2 22.2 22.2 23.2 24.2 25.2
22.2 22.2 23.2 24.2 25.2 26.2 27.2 28.2 29.2 20.2 22.2 22.2 23.2 24.2 25.2
22.2 22.2 23.2 24.2 25.2 26.2 27.2 28.2 29.2 20.2 22.2 22.2 23.2 24.2 25.2
22.2 22.2 23.2 24.2 25.2 26.2 27.2 28.2 29.2 20.2 22.2 22.2 23.2 24.2 25.2
22.2 22.2 23.2 24.2 25.2 26.2 27.2 28.2 29.2 20.2 22.2 22.2 23.2 24.2 25.2
22.2 22.2 23.2 24.2 25.2 26.2 27.2 28.2 29.2 20.2 22.2 22.2 23.2 24.2 25.2
22.2 22.2 23.2 24.2 25.2 26.2 27.2 28.2 29.2 20.2 22.2 22.2 23.2 24.2 25.2
22.2 22.2 23.2 24.2 25.2 26.2 27.2 28.2 29.2 20.2 22.2 22.2 23.2 24.2 25.2
22.2 22.2 23.2 24.2 25.2 26.2 27.2 28.2 29.2 20.2 22.2 22.2 23.2 24.2 25.2
22.2 22.2 23.2 24.2 25.2 26.2 27.2 28.2 29.2 20.2 22.2 22.2 23.2 24.2 25.2"', '"22.3 22.3 23.3 24.3 25.3 26.3 27.3 28.3 29.3 20.3 22.3 22.3 23.3 24.3 25.3
22.3 22.3 23.3 24.3 25.3 26.3 27.3 28.3 29.3 20.3 22.3 22.3 23.3 24.3 25.3 
22.3 22.3 23.3 24.3 25.3 26.3 27.3 28.3 29.3 20.3 22.3 22.3 23.3 24.3 25.3
22.3 22.3 23.3 24.3 25.3 26.3 27.3 28.3 29.3 20.3 22.3 22.3 23.3 24.3 25.3
22.3 22.3 23.3 24.3 25.3 26.3 27.3 28.3 29.3 20.3 22.3 22.3 23.3 24.3 25.3
22.3 22.3 23.3 24.3 25.3 26.3 27.3 28.3 29.3 20.3 22.3 22.3 23.3 24.3 25.3
22.3 22.3 23.3 24.3 25.3 26.3 27.3 28.3 29.3 20.3 22.3 22.3 23.3 24.3 25.3
22.3 22.3 23.3 24.3 25.3 26.3 27.3 28.3 29.3 20.3 22.3 22.3 23.3 24.3 25.3
22.3 22.3 23.3 24.3 25.3 26.3 27.3 28.3 29.3 20.3 22.3 22.3 23.3 24.3 25.3
22.3 22.3 23.3 24.3 25.3 26.3 27.3 28.3 29.3 20.3 22.3 22.3 23.3 24.3 25.3"', '"22.4 22.4 23.4 24.4 25.4 26.4 27.4 28.4 29.4 20.4 22.4 22.4 23.4 24.4 25.4
22.4 22.4 23.4 24.4 25.4 26.4 27.4 28.4 29.4 20.4 22.4 22.4 23.4 24.4 25.4
22.4 22.4 23.4 24.4 25.4 26.4 27.4 28.4 29.4 20.4 22.4 22.4 23.4 24.4 25.4
22.4 22.4 23.4 24.4 25.4 26.4 27.4 28.4 29.4 20.4 22.4 22.4 23.4 24.4 25.4
22.4 22.4 23.4 24.4 25.4 26.4 27.4 28.4 29.4 20.4 22.4 22.4 23.4 24.4 25.4
22.4 22.4 23.4 24.4 25.4 26.4 27.4 28.4 29.4 20.4 22.4 22.4 23.4 24.4 25.4
22.4 22.4 23.4 24.4 25.4 26.4 27.4 28.4 29.4 20.4 22.4 22.4 23.4 24.4 25.4
22.4 22.4 23.4 24.4 25.4 26.4 27.4 28.4 29.4 20.4 22.4 22.4 23.4 24.4 25.4
22.4 22.4 23.4 24.4 25.4 26.4 27.4 28.4 29.4 20.4 22.4 22.4 23.4 24.4 25.4
22.4 22.4 23.4 24.4 25.4 26.4 27.4 28.4 29.4 20.4 22.4 22.4 23.4 24.4 25.4"', 'NULL', 'NULL', 'NULL', 'NULL', 2, '0 0.8 1.0 1.2 2.4 4.7 5.0 6.0 7.0 8.0 9.0 10.0 11.0 12.0 15.0', '0 10 20 30 40 50 60 70 80 90'),
(18, 4, 'bulava', 'RV', '21.55 22.55 23.55 24.55 25.55 26.55 27.55 28.55 29.55 30.55 31.55 32.55 33.55 34.55 35.55', '21.44 22.44 23.44 24.44 25.44 26.44 27.44 28.44 29.44 30.44 31.44 32.44 33.44 34.44 35.44', '21.33 22.33 23.33 24.33 25.33 26.33 27.33 28.33 29.33 30.33 31.33 32.33 33.33 34.33 35.33', '22.4 22.4 23.4 24.4 25.4 26.4 27.4 28.4 29.4 20.4 22.4 22.4 23.4 24.4 25.4', '-21.88 -22.88 -23.88 -24.88 -25.88 -26.88 -27.88 -28.88 -29.88 -30.88 -31.88 -32.88 -33.88 -34.88 -35.88''', '21.0 22.0 23.0 24.0 25.0 26.0 27.0 28.0 29.0 30.0 31.0 32.0 33.0 34.0 35.0', '-21.88 -22.88 -23.88 -24.88 -25.88 -26.88 -27.88 -28.88 -29.88 -30.88 -31.88 -32.88 -33.88 -34.88 -35.88''', '0 0 0 0 0 0 0 0 0 0 0 0 0 0 0', 1, '0 0.8 1.0 1.2 2.4 4.7 5.0 6.0 7.0 8.0 9.0 10.0 11.0 12.0 15.0', 'NULL'),
(19, 4, 'bulava', 'BT', '21.0 22.0 23.0 24.0 25.0 26.0 27.0 28.0 29.0 30.0 31.0 32.0 33.0 34.0 35.0', '21.11 22.11 23.11 24.11 25.11 26.11 27.11 28.11 29.11 30.11 31.11 32.11 33.11 34.11 35.11', '21.22 22.22 23.22 24.22 25.22 26.22 27.22 28.22 29.22 30.22 31.22 32.22 33.22 34.22 35.22', '21.33 22.33 23.33 24.33 25.33 26.33 27.33 28.33 29.33 30.33 31.33 32.33 33.33 34.33 35.33', '-21.88 -22.88 -23.88 -24.88 -25.88 -26.88 -27.88 -28.88 -29.88 -30.88 -31.88 -32.88 -33.88 -34.88 -35.88''', 'NULL', '-21.88 -22.88 -23.88 -24.88 -25.88 -26.88 -27.88 -28.88 -29.88 -30.88 -31.88 -32.88 -33.88 -34.88 -35.88''', '0 0 0 0 0 0 0 0 0 0 0 0 0 0 0', 1, '0 0.8 1.0 1.2 2.4 4.7 5.0 6.0 7.0 8.0 9.0 10.0 11.0 12.0 15.0', 'NULL'),
(20, 4, 'bulava', 'BT', '"22.0 22.0 23.0 24.0 25.0 26.0 27.0 28.0 29.0 20.0 22.0 22.0 23.0 24.0 25.0
22.0 22.0 23.0 24.0 25.0 26.0 27.0 28.0 29.0 20.0 22.0 22.0 23.0 24.0 25.0
22.0 22.0 23.0 24.0 25.0 26.0 27.0 28.0 29.0 20.0 22.0 22.0 23.0 24.0 25.0
22.0 22.0 23.0 24.0 25.0 26.0 27.0 28.0 29.0 20.0 22.0 22.0 23.0 24.0 25.0
22.0 22.0 23.0 24.0 25.0 26.0 27.0 28.0 29.0 20.0 22.0 22.0 23.0 24.0 25.0
22.0 22.0 23.0 24.0 25.0 26.0 27.0 28.0 29.0 20.0 22.0 22.0 23.0 24.0 25.0
22.0 22.0 23.0 24.0 25.0 26.0 27.0 28.0 29.0 20.0 22.0 22.0 23.0 24.0 25.0
22.0 22.0 23.0 24.0 25.0 26.0 27.0 28.0 29.0 20.0 22.0 22.0 23.0 24.0 25.0
22.0 22.0 23.0 24.0 25.0 26.0 27.0 28.0 29.0 20.0 22.0 22.0 23.0 24.0 25.0
22.0 22.0 23.0 24.0 25.0 26.0 27.0 28.0 29.0 20.0 22.0 22.0 23.0 24.0 25.0"', '"22.2 22.2 23.2 24.2 25.2 26.2 27.2 28.2 29.2 20.2 22.2 22.2 23.2 24.2 25.2
22.2 22.2 23.2 24.2 25.2 26.2 27.2 28.2 29.2 20.2 22.2 22.2 23.2 24.2 25.2
22.2 22.2 23.2 24.2 25.2 26.2 27.2 28.2 29.2 20.2 22.2 22.2 23.2 24.2 25.2
22.2 22.2 23.2 24.2 25.2 26.2 27.2 28.2 29.2 20.2 22.2 22.2 23.2 24.2 25.2
22.2 22.2 23.2 24.2 25.2 26.2 27.2 28.2 29.2 20.2 22.2 22.2 23.2 24.2 25.2
22.2 22.2 23.2 24.2 25.2 26.2 27.2 28.2 29.2 20.2 22.2 22.2 23.2 24.2 25.2
22.2 22.2 23.2 24.2 25.2 26.2 27.2 28.2 29.2 20.2 22.2 22.2 23.2 24.2 25.2
22.2 22.2 23.2 24.2 25.2 26.2 27.2 28.2 29.2 20.2 22.2 22.2 23.2 24.2 25.2
22.2 22.2 23.2 24.2 25.2 26.2 27.2 28.2 29.2 20.2 22.2 22.2 23.2 24.2 25.2
22.2 22.2 23.2 24.2 25.2 26.2 27.2 28.2 29.2 20.2 22.2 22.2 23.2 24.2 25.2"', '"22.3 22.3 23.3 24.3 25.3 26.3 27.3 28.3 29.3 20.3 22.3 22.3 23.3 24.3 25.3
22.3 22.3 23.3 24.3 25.3 26.3 27.3 28.3 29.3 20.3 22.3 22.3 23.3 24.3 25.3 
22.3 22.3 23.3 24.3 25.3 26.3 27.3 28.3 29.3 20.3 22.3 22.3 23.3 24.3 25.3
22.3 22.3 23.3 24.3 25.3 26.3 27.3 28.3 29.3 20.3 22.3 22.3 23.3 24.3 25.3
22.3 22.3 23.3 24.3 25.3 26.3 27.3 28.3 29.3 20.3 22.3 22.3 23.3 24.3 25.3
22.3 22.3 23.3 24.3 25.3 26.3 27.3 28.3 29.3 20.3 22.3 22.3 23.3 24.3 25.3
22.3 22.3 23.3 24.3 25.3 26.3 27.3 28.3 29.3 20.3 22.3 22.3 23.3 24.3 25.3
22.3 22.3 23.3 24.3 25.3 26.3 27.3 28.3 29.3 20.3 22.3 22.3 23.3 24.3 25.3
22.3 22.3 23.3 24.3 25.3 26.3 27.3 28.3 29.3 20.3 22.3 22.3 23.3 24.3 25.3
22.3 22.3 23.3 24.3 25.3 26.3 27.3 28.3 29.3 20.3 22.3 22.3 23.3 24.3 25.3"', '"22.4 22.4 23.4 24.4 25.4 26.4 27.4 28.4 29.4 20.4 22.4 22.4 23.4 24.4 25.4
22.4 22.4 23.4 24.4 25.4 26.4 27.4 28.4 29.4 20.4 22.4 22.4 23.4 24.4 25.4
22.4 22.4 23.4 24.4 25.4 26.4 27.4 28.4 29.4 20.4 22.4 22.4 23.4 24.4 25.4
22.4 22.4 23.4 24.4 25.4 26.4 27.4 28.4 29.4 20.4 22.4 22.4 23.4 24.4 25.4
22.4 22.4 23.4 24.4 25.4 26.4 27.4 28.4 29.4 20.4 22.4 22.4 23.4 24.4 25.4
22.4 22.4 23.4 24.4 25.4 26.4 27.4 28.4 29.4 20.4 22.4 22.4 23.4 24.4 25.4
22.4 22.4 23.4 24.4 25.4 26.4 27.4 28.4 29.4 20.4 22.4 22.4 23.4 24.4 25.4
22.4 22.4 23.4 24.4 25.4 26.4 27.4 28.4 29.4 20.4 22.4 22.4 23.4 24.4 25.4
22.4 22.4 23.4 24.4 25.4 26.4 27.4 28.4 29.4 20.4 22.4 22.4 23.4 24.4 25.4
22.4 22.4 23.4 24.4 25.4 26.4 27.4 28.4 29.4 20.4 22.4 22.4 23.4 24.4 25.4"', 'NULL', 'NULL', 'NULL', 'NULL', 2, '0 0.8 1.0 1.2 2.4 4.7 5.0 6.0 7.0 8.0 9.0 10.0 11.0 12.0 15.0', '0 10 20 30 40 50 60 70 80 90'),
(21, 5, 'emad', 'UN', '0.2100 0.2067 0.3655 0.5142 0.3943 0.3510 0.2769 0.1912 0.1337 0.1118', '0.2100 0.2067 0.3655 0.5142 0.3943 0.3510 0.2769 0.1912 0.1337 0.1118', '3.5008 3.7070 3.9419 3.5409 4.0852 3.7815 2.9966 2.0856 1.4209 1.5413', '1.7340 1.7736 1.8252 1.8060 1.7388 1.6584 1.6440 1.6212 1.5816 1.5828', '-1.2351 -1.9581 -2.6489 -3.1382 -2.0587 -1.9305 -2.0122 -2.0590 -1.8445 -1.8196''', 'NULL', '-1.2351 -1.9581 -2.6489 -3.1382 -2.0587 -1.9305 -2.0122 -2.0590 -1.8445 -1.8196''', '0 0 0 0 0 0 0 0 0 0', 1, '0 0.8 1.0 1.2 1.5  2.0 3.0 5.0 10.00 20.0000', 'NULL'),
(22, 5, 'emad', 'UN', '0.2100 0.2067 0.3655 0.5142 0.3943 0.3510 0.2769 0.1912 0.1337 0.1118', '0.2100 0.2067 0.3655 0.5142 0.3943 0.3510 0.2769 0.1912 0.1337 0.1118', '3.5008 3.7070 3.9419 3.5409 4.0852 3.7815 2.9966 2.0856 1.4209 1.5413', '1.7340 1.7736 1.8252 1.8060 1.7388 1.6584 1.6440 1.6212 1.5816 1.5828', '-1.2351 -1.9581 -2.6489 -3.1382 -2.0587 -1.9305 -2.0122 -2.0590 -1.8445 -1.8196''', 'NULL', '-1.2351 -1.9581 -2.6489 -3.1382 -2.0587 -1.9305 -2.0122 -2.0590 -1.8445 -1.8196''', '0 0 0 0 0 0 0 0 0 0', 2, '0 0.8 1.0 1.2 1.5  2.0 3.0 5.0 10.00 20.0000', '0'),
(23, 5, 'emad', 'RV', '0.2212 0.2572 0.3935 0.4659 0.3549 0.3112 0.2353 0.1572 0.1120 0.0987', '0.2212 0.2572 0.3935 0.4659 0.3549 0.3112 0.2353 0.1572 0.1120 0.0987', '2.8304 2.9966 3.2372 2.8591 2.3434 2.2460 2.2918 2.3033 2.0684 2.0741', '1.7340 1.7736 1.8252 1.8060 1.7388 1.6584 1.6440 1.6212 1.5816 1.5828', '-1.2351 -1.9581 -2.6489 -3.1382 -2.0587 -1.9305 -2.0122 -2.0590 -1.8445 -1.8196''', 'NULL', '-1.2351 -1.9581 -2.6489 -3.1382 -2.0587 -1.9305 -2.0122 -2.0590 -1.8445 -1.8196''', '0 0 0 0 0 0 0 0 0 0', 1, '0 0.8 1.0 1.2 1.5  2.0 3.0 5.0 10.00 20.0000', 'NULL'),
(24, 5, 'emad', 'RV', '"
0.2212  0.2572   0.3935   0.4659   0.3549   0.3112   0.2353   0.1572  0.1120   0.0987
0.2189  0.2540   0.3883   0.4595   0.3258   0.3008   0.2387   0.1700  0.1311   0.1208
0.1979  0.2306   0.3587   0.4255   0.2438   0.2712   0.2477   0.2053  0.1843   0.1824
0.1356  0.1602   0.2706   0.3238   0.1239   0.2265   0.2589   0.2546  0.2597   0.2698
0.1612  0.1804   0.2752   0.3184   0.0116   0.1731   0.2673   0.3056  0.3396   0.3630
0.1302  0.1430   0.2193   0.2500   0.1374   0.1182   0.2669   0.3440  0.4039   0.4390
0.0967  0.1036   0.1613   0.1801   0.2289   0.0684   0.2522   0.3559  0.4330   0.4753
0.0628  0.0653   0.1058   0.1145   0.2655   0.0295   0.2178   0.3289  0.4098   0.4526
0.0305  0.0305   0.0568   0.0583   0.2284   0.0052   0.1572   0.2496  0.3160   0.3503
0.0014  0.0014   0.0172   0.0152   0.0143   0.0113   0.0064   0.0037  0.0019   0.0011
-0.0245    -0.0276    -0.0193    -0.0268    -0.0332    -0.0393    -0.0443    -0.0470    -0.0487    -0.0495
-0.0992    -0.1109    -0.1243    -0.1474    -0.1699    -0.1852    -0.1901    -0.1928    -0.1946    -0.1954
-0.2136    -0.2386    -0.2853    -0.3323    -0.3794    -0.4087    -0.4136    -0.4163    -0.4180    -0.4189
-0.3539    -0.3953    -0.4827    -0.5592    -0.6364    -0.6828    -0.6877    -0.6904    -0.6922    -0.6930
-0.5033    -0.5620    -0.6928    -0.8005    -0.9099    -0.9745    -0.9794    -0.9821    -0.9839    -0.9847
-0.6436    -0.7186    -0.8903    -1.0273    -1.1669    -1.2486    -1.2536    -1.2563    -1.2580    -1.2588
-0.7580    -0.8463    -1.0512    -1.2122    -1.3764    -1.4721    -1.4771    -1.4797    -1.4815    -1.4823
-0.8326    -0.9297    -1.1563    -1.3329    -1.5131    -1.6180    -1.6229    -1.6256    -1.6274    -1.6282
-0.8586    -0.9586    -1.1928    -1.3748    -1.5606    -1.6686    -1.6736    -1.6763    -1.6780    -1.6788"', '"
0.2212  0.2572   0.3935   0.4659   0.3549   0.3112   0.2353   0.1572  0.1120   0.0987
0.2189  0.2540   0.3883   0.4595   0.3258   0.3008   0.2387   0.1700  0.1311   0.1208
0.1979  0.2306   0.3587   0.4255   0.2438   0.2712   0.2477   0.2053  0.1843   0.1824
0.1356  0.1602   0.2706   0.3238   0.1239   0.2265   0.2589   0.2546  0.2597   0.2698
0.1612  0.1804   0.2752   0.3184   0.0116   0.1731   0.2673   0.3056  0.3396   0.3630
0.1302  0.1430   0.2193   0.2500   0.1374   0.1182   0.2669   0.3440  0.4039   0.4390
0.0967  0.1036   0.1613   0.1801   0.2289   0.0684   0.2522   0.3559  0.4330   0.4753
0.0628  0.0653   0.1058   0.1145   0.2655   0.0295   0.2178   0.3289  0.4098   0.4526
0.0305  0.0305   0.0568   0.0583   0.2284   0.0052   0.1572   0.2496  0.3160   0.3503
0.0014  0.0014   0.0172   0.0152   0.0143   0.0113   0.0064   0.0037  0.0019   0.0011
-0.0245    -0.0276    -0.0193    -0.0268    -0.0332    -0.0393    -0.0443    -0.0470    -0.0487    -0.0495
-0.0992    -0.1109    -0.1243    -0.1474    -0.1699    -0.1852    -0.1901    -0.1928    -0.1946    -0.1954
-0.2136    -0.2386    -0.2853    -0.3323    -0.3794    -0.4087    -0.4136    -0.4163    -0.4180    -0.4189
-0.3539    -0.3953    -0.4827    -0.5592    -0.6364    -0.6828    -0.6877    -0.6904    -0.6922    -0.6930
-0.5033    -0.5620    -0.6928    -0.8005    -0.9099    -0.9745    -0.9794    -0.9821    -0.9839    -0.9847
-0.6436    -0.7186    -0.8903    -1.0273    -1.1669    -1.2486    -1.2536    -1.2563    -1.2580    -1.2588
-0.7580    -0.8463    -1.0512    -1.2122    -1.3764    -1.4721    -1.4771    -1.4797    -1.4815    -1.4823
-0.8326    -0.9297    -1.1563    -1.3329    -1.5131    -1.6180    -1.6229    -1.6256    -1.6274    -1.6282
-0.8586    -0.9586    -1.1928    -1.3748    -1.5606    -1.6686    -1.6736    -1.6763    -1.6780    -1.6788"', '"
0         0         0         0         0         0         0         0         0         0
0.4695   0.5074   0.5661   0.5346   0.4769   0.4657   0.4430   0.4321   0.4099   0.4084
0.8893   0.9837   1.1341   1.1403   1.0896   1.0792   0.9713   0.9246   0.9179   0.9104
1.1832   1.4239   1.7291   1.8489   1.7411   1.6193   1.4703   1.4543   1.4425   1.4329
1.4332   1.8813   2.2990   2.4378   2.2222   2.0774   1.9550   1.9468   1.9274   1.9162
1.5819   2.2386   2.6979   2.8004   2.5789   2.4320   2.3565   2.3406   2.3198   2.3076
1.6220   2.4014   2.8820   3.0094   2.7800   2.6810   2.6252   2.6036   2.5826   2.5699
1.5550   2.4296   2.8955   3.0767   2.8461   2.7875   2.7467   2.7202   2.6994   2.6862
1.4041   2.3345   2.7891   2.9878   2.7677   2.7461   2.7226   2.6911   2.6706   2.6570
1.2016   2.1408   2.5865   2.7837   2.5715   2.5756   2.5692   2.5327   2.5126   2.4987
1.4089   2.3440   2.8016   2.9954   2.7707   2.7480   2.7233   2.6914   2.6705   2.6567
1.5606   2.4473   2.9204   3.0932   2.8531   2.7898   2.7470   2.7198   2.6982   2.6846
1.6251   2.4263   2.9196   3.0364   2.7922   2.6824   2.6238   2.6013   2.5790   2.5657
1.5874   2.2626   2.7397   2.8337   2.5948   2.4304   2.3475   2.3332   2.3115   2.2988
1.4487   1.8949   2.3225   2.4538   2.2299   2.0746   1.9418   1.9281   1.9130   1.9019
1.2510   1.4417   1.7418   1.8438   1.7295   1.6116   1.4543   1.4326   1.4240   1.4154
0.8902   0.9719   1.1051   1.1038   1.0578   1.0588   0.9556   0.9063   0.8967   0.8939
0.4464   0.4746   0.5216   0.4978   0.4522   0.4472   0.4305   0.4225   0.4026   0.3998
0         0         0         0         0         0         0         0         0         0"', '"
1.7340    1.7736    1.8252    1.8060    1.7388    1.6584    1.6440    1.6212    1.5816    1.5828
1.7172    1.7568    1.8072    1.7964    1.7484    1.6824    1.6644    1.6476    1.6284    1.6260
1.6980    1.7400    1.7904    1.7868    1.7544    1.7004    1.6824    1.6716    1.6656    1.6596
1.6656    1.7328    1.7784    1.7808    1.7580    1.7076    1.6980    1.6956    1.6896    1.6848
1.6764    1.7448    1.7820    1.7844    1.7640    1.7220    1.7196    1.7184    1.7112    1.7076
1.6968    1.7616    1.7916    1.7916    1.7736    1.7412    1.7424    1.7400    1.7340    1.7304
1.7292    1.7820    1.8072    1.8060    1.7868    1.7640    1.7664    1.7616    1.7568    1.7532
1.7712    1.8084    1.8288    1.8240    1.8048    1.7916    1.7916    1.7868    1.7808    1.7784
1.8252    1.8408    1.8552    1.8480    1.8264    1.8204    1.8204    1.8132    1.8072    1.8048
1.8972    1.8792    1.8876    1.8744    1.8504    1.8540    1.8504    1.8420    1.8360    1.8324
1.8156    1.8348    1.8516    1.8432    1.8168    1.8168    1.8132    1.8048    1.7988    1.7952
1.7508    1.7976    1.8204    1.8168    1.7868    1.7820    1.7796    1.7688    1.7640    1.7604
1.7004    1.7676    1.7964    1.7964    1.7616    1.7520    1.7472    1.7364    1.7304    1.7268
1.6632    1.7412    1.7784    1.7808    1.7412    1.7232    1.7148    1.7052    1.6980    1.6944
1.6416    1.7172    1.7616    1.7664    1.7232    1.6992    1.6824    1.6704    1.6644    1.6608
1.6560    1.7016    1.7496    1.7520    1.7040    1.6800    1.6524    1.6344    1.6296    1.6248
1.6524    1.6920    1.7388    1.7340    1.6740    1.6596    1.6272    1.5972    1.5876    1.5852
1.6392    1.6740    1.7220    1.7136    1.6356    1.6188    1.5924    1.5624    1.5420    1.5360
2.2728    2.2752    2.2872    2.4180    2.4096    2.3928    2.3736    2.3556    2.3388    2.3268"', 'NULL', 'NULL', 'NULL', 'NULL', 2, '0 0.8 1.0 1.2 1.5  2.0 3.0 5.0 10.00 20.0000', '0 10 20 30 40 50 60 70 80 90 100.0   110.0   120.0   130.0   140.0   150.0   160.0   170.0   180.1'),
(25, 5, 'emad', 'BT', '0.2329 0.1936 1.1830 3.3164 1.5798 1.6394 1.6455 1.6009 1.5627 1.5461', '0.2329 0.1936 1.1830 3.3164 1.5798 1.6394 1.6455 1.6009 1.5627 1.546', '0 0 0 0 0 0 0 0 0 0', '11.3238 12.3313 13.4325 18.0913 17.3700 17.0850 7.2050 6.9950 7.2613 7.3013', '-53.8507  -60.5182  -78.5237  -86.6102  -15.1271  -11.3784  -45.2940  -45.0033  -15.2516  -14.0630''', 'NULL', '0 0 0 0 0 0 0 0 0 0', '0 0 0 0 0 0 0 0 0 0', 1, '0 0.8 1.0 1.2 1.5  2.0 3.0 5.0 10.00 20.0000', 'NULL'),
(26, 5, 'emad', 'BT', '"0.2329    0.1936    1.1830    3.3164   1.5798   1.6394   1.6455   1.6009   1.5627   1.5461
0.2309    0.1898    1.1642    3.2663   1.5634   1.6243   1.6320   1.5890   1.5521   1.5361
0.2074    0.2011    1.1424    3.1685   1.5146   1.5793   1.5913   1.5530   1.5199   1.5056
0.1052    0.3273    1.2806    3.2552   1.4351   1.5048   1.5231   1.4921   1.4646   1.4528
0.1700    0.0822    0.6360    1.8814   1.3271   1.4016   1.4269   1.4045   1.3837   1.3749
0.1379    0.0405    0.4123    1.2847   1.1922   1.2695   1.3009   1.2873   1.2735   1.2677
0.1033    0.0055    0.2076    0.7296   1.0308   1.1068   1.1418   1.1358   1.1282   1.1251
0.0685    0.0167    0.0489    0.2857   0.8381   0.9066   0.9409   0.9401   0.9369   0.9355
0.0357    0.0215    0.0419    0.0093   0.5947   0.6462   0.6726   0.6724   0.6708   0.6697
0.0064    0.0061    0.0508    0.0630   0.0559   0.0501   0.0380   0.0202   0.0100   0.0054
-0.0196    -0.0228    -0.0144    -0.0211    -0.0084    -0.0006    -0.0127    -0.0305    -0.0407    -0.0453
-0.0942    -0.1062    -0.0907    -0.0996    -0.1284    -0.1465    -0.1586    -0.1764    -0.1866    -0.1911
-0.2086    -0.2339    -0.2517    -0.2845    -0.3379    -0.3699    -0.3820    -0.3998    -0.4100    -0.4146
-0.3490    -0.3905    -0.4491    -0.5113    -0.5949    -0.6441    -0.6562    -0.6740    -0.6842    -0.6887
-0.4983    -0.5572    -0.6592    -0.7527    -0.8684    -0.9358    -0.9479    -0.9657    -0.9759    -0.9805
-0.6386    -0.7139    -0.8566    -0.9795    -1.1254    -1.2099    -1.2220    -1.2398    -1.2500    -1.2546
-0.7530    -0.8416    -1.0176    -1.1644    -1.3349    -1.4334    -1.4455    -1.4633    -1.4735    -1.4781
-0.8277    -0.9249    -1.1227    -1.2851    -1.4716    -1.5793    -1.5914    -1.6092    -1.6194    -1.6239
-0.8536    -0.9539    -1.1591    -1.3270    -1.5191    -1.6299    -1.6420    -1.6598    -1.6700    -1.6746"', '"0.2329    0.1936    1.1830    3.3164   1.5798   1.6394   1.6455   1.6009   1.5627   1.5461
0.2309    0.1898    1.1642    3.2663   1.5634   1.6243   1.6320   1.5890   1.5521   1.5361
0.2074    0.2011    1.1424    3.1685   1.5146   1.5793   1.5913   1.5530   1.5199   1.5056
0.1052    0.3273    1.2806    3.2552   1.4351   1.5048   1.5231   1.4921   1.4646   1.4528
0.1700    0.0822    0.6360    1.8814   1.3271   1.4016   1.4269   1.4045   1.3837   1.3749
0.1379    0.0405    0.4123    1.2847   1.1922   1.2695   1.3009   1.2873   1.2735   1.2677
0.1033    0.0055    0.2076    0.7296   1.0308   1.1068   1.1418   1.1358   1.1282   1.1251
0.0685    0.0167    0.0489    0.2857   0.8381   0.9066   0.9409   0.9401   0.9369   0.9355
0.0357    0.0215    0.0419    0.0093   0.5947   0.6462   0.6726   0.6724   0.6708   0.6697
0.0064    0.0061    0.0508    0.0630   0.0559   0.0501   0.0380   0.0202   0.0100   0.0054
-0.0196    -0.0228    -0.0144    -0.0211    -0.0084    -0.0006    -0.0127    -0.0305    -0.0407    -0.0453
-0.0942    -0.1062    -0.0907    -0.0996    -0.1284    -0.1465    -0.1586    -0.1764    -0.1866    -0.1911
-0.2086    -0.2339    -0.2517    -0.2845    -0.3379    -0.3699    -0.3820    -0.3998    -0.4100    -0.4146
-0.3490    -0.3905    -0.4491    -0.5113    -0.5949    -0.6441    -0.6562    -0.6740    -0.6842    -0.6887
-0.4983    -0.5572    -0.6592    -0.7527    -0.8684    -0.9358    -0.9479    -0.9657    -0.9759    -0.9805
-0.6386    -0.7139    -0.8566    -0.9795    -1.1254    -1.2099    -1.2220    -1.2398    -1.2500    -1.2546
-0.7530    -0.8416    -1.0176    -1.1644    -1.3349    -1.4334    -1.4455    -1.4633    -1.4735    -1.4781
-0.8277    -0.9249    -1.1227    -1.2851    -1.4716    -1.5793    -1.5914    -1.6092    -1.6194    -1.6239
-0.8536    -0.9539    -1.1591    -1.3270    -1.5191    -1.6299    -1.6420    -1.6598    -1.6700    -1.6746"', '"0         0         0         0         0         0         0         0         0         0
0.6039   0.6964  0.7452   0.6693   0.7336   0.7382   0.7987   0.7029   0.5545   0.5496
1.6314   2.0110  2.3257   2.3948   2.7577   2.8528   2.4781   2.0844   2.0160   1.9945
2.8338   3.8914  5.0084   5.6387   5.7295   5.1354   4.5040   4.2651   4.1776   4.1465
3.9236   6.4883  8.1794   8.8595   8.3496   7.5959   7.1330   6.9202   6.8029   6.7672
5.1213   9.2944  11.1017  11.4787  10.9589  10.1191  9.9558   9.7104   9.5894   9.5516
6.3190  11.5021  13.3395  13.8405  13.2183  12.6181  12.6421  12.3135  12.2052  12.1688
7.3109  13.2974  14.9495  15.7990  15.0787  14.6717  14.8895  14.4348  14.3501  14.3165
7.9680  14.4778  16.0177  17.0027  16.2428  15.9994  16.4112  15.8390  15.7811  15.7504
8.2116  14.9087  16.4096  17.4335  16.6179  16.4528  17.0513  16.3674  16.3360  16.3082
7.9792  14.4951  16.0332  17.0066  16.2437  15.9998  16.4106  15.8387  15.7807  15.7500
7.3325  13.3318  14.9797  15.8060  15.0800  14.6706  14.8850  14.4328  14.3478  14.3140
6.3516  11.5552  13.3860  13.8502  13.2192  12.6125  12.6265  12.3069  12.1977  12.1608
5.1905   9.3564  11.1528  11.4813  10.9485  10.1014   9.9292   9.6912   9.5687   9.5306
4.1144   6.5856   8.2409   8.8426   8.3119   7.5553   7.0890   6.8708   6.7622   6.7274
2.7569   3.7906   4.9095   5.5380   5.6488   5.0627   4.4547   4.2037   4.1197   4.0917
1.4707   1.8099   2.1397   2.2480   2.6438   2.7606   2.4293   2.0285   1.9493   1.9411
0.4880   0.5557   0.6149   0.5694   0.6527   0.6722   0.7542   0.6722   0.5275   0.5182
0         0         0         0         0         0         0         0         0         0"', '11.3238   12.3313   13.4325   18.0913   17.3700   17.0850    7.2050    6.9950    7.2613    7.3013
9.8012    9.9663    9.6563    8.8775    7.6788    7.1063    6.6213    6.6925    6.7250    6.6738
9.0688    9.0525    8.5850    7.7575    7.0000    6.6888    6.4413    6.5813    6.6650    6.6025
8.4500    8.2338    7.7500    7.1413    6.7550    6.5988    6.4175    6.5438    6.6000    6.5563
7.7650    7.5488    7.2888    6.9188    6.6925    6.5700    6.4550    6.5563    6.5775    6.5463
7.3975    7.2338    7.0925    6.8263    6.6613    6.5700    6.5175    6.5650    6.5738    6.5513
7.2413    7.0988    7.0050    6.7700    6.6475    6.5813    6.6025    6.5775    6.5800    6.5625
7.1700    7.0288    6.9675    6.7413    6.6500    6.6075    6.7000    6.5975    6.5963    6.5825
7.1500    7.0025    6.9588    6.7375    6.6713    6.6463    6.7963    6.6288    6.6225    6.6113
7.1738    7.0138    6.9750    6.7525    6.7063    6.6988    6.9038    6.6725    6.6613    6.6513
7.2013    7.0325    6.9850    6.7588    6.7475    6.7325    6.8788    6.6700    6.6438    6.6325
7.2800    7.0938    7.0238    6.7875    6.8163    6.7963    6.8788    6.6875    6.6425    6.6288
7.4225    7.2075    7.0963    6.8450    6.9163    6.8925    6.8988    6.7263    6.6563    6.6388
7.6888    7.3913    7.2213    6.9300    7.0400    7.0238    6.9613    6.7825    6.6825    6.6600
8.2700    7.8025    7.4738    7.0450    7.1925    7.1825    7.0850    6.8500    6.7188    6.6888
8.7400    8.4138    7.8813    7.2438    7.3725    7.3850    7.3113    6.9538    6.7813    6.7425
9.2788    9.1475    8.6475    7.8250    7.8975    7.7038    7.6525    7.1975    6.8875    6.8638
10.1200   10.1738    9.8188    9.0450    9.5550    9.2500    8.5863    7.6925    7.2675    7.1750
12.3075   12.3075   12.3087   12.3825   12.4113   12.4300   12.4675   12.4938   12.5013   12.5050', 'NULL', 'NULL', 'NULL', 'NULL', 2, '0 0.8 1.0 1.2 1.5  2.0 3.0 5.0 10.00 20.0000', '0 10 20 30 40 50 60 70 80 90 100.0   110.0   120.0   130.0   140.0   150.0   160.0   170.0   180.1'),
(27, 6, 'shahed136', 'UN', '91.0 99.0 93.0 94.0 95.0 96.0 97.0 98.0 99.0 30.0 31.0 39.0 33.0 34.0 35.0', '91.44 99.44 93.44 94.44 95.44 96.44 97.44 98.44 99.44 30.44 31.44 39.44 33.44 34.44 35.44', '91.11 99.11 93.11 94.11 95.11 96.11 97.11 98.11 99.11 30.11 31.11 39.11 33.11 34.11 35.11', '91.11 99.11 93.11 94.11 95.11 96.11 97.11 98.11 99.11 30.11 31.11 39.11 33.11 34.11 35.11', '-21.88 -22.88 -23.88 -24.88 -25.88 -26.88 -27.88 -28.88 -29.88 -30.88 -31.88 -32.88 -33.88 -34.88 -35.88''', 'NULL', '-21.88 -22.88 -23.88 -24.88 -25.88 -26.88 -27.88 -28.88 -29.88 -30.88 -31.88 -32.88 -33.88 -34.88 -35.88''', '0 0 0 0 0 0 0 0 0 0 0 0 0 0 0', 1, '0 0.8 1.0 1.2 2.4 4.7 5.0 6.0 7.0 8.0 9.0 10.0 11.0 12.0 15.0', 'NULL'),
(28, 6, 'shahed136', 'UN', '"33.6 33.6 23.6 24.6 25.6 26.6 27.6 28.6 29.6 20.6 33.6 33.6 23.6 24.6 25.6
33.6 33.6 23.6 24.6 25.6 26.6 27.6 28.6 29.6 20.6 33.6 33.6 23.6 24.6 25.6
33.6 33.6 23.6 24.6 25.6 26.6 27.6 28.6 29.6 20.6 33.6 33.6 23.6 24.6 25.6
33.6 33.6 23.6 24.6 25.6 26.6 27.6 28.6 29.6 20.6 33.6 33.6 23.6 24.6 25.6
33.6 33.6 23.6 24.6 25.6 26.6 27.6 28.6 29.6 20.6 33.6 33.6 23.6 24.6 25.6
33.6 33.6 23.6 24.6 25.6 26.6 27.6 28.6 29.6 20.6 33.6 33.6 23.6 24.6 25.6
33.6 33.6 23.6 24.6 25.6 26.6 27.6 28.6 29.6 20.6 33.6 33.6 23.6 24.6 25.6
33.6 33.6 23.6 24.6 25.6 26.6 27.6 28.6 29.6 20.6 33.6 33.6 23.6 24.6 25.6
33.6 33.6 23.6 24.6 25.6 26.6 27.6 28.6 29.6 20.6 33.6 33.6 23.6 24.6 25.6
33.6 33.6 23.6 24.6 25.6 26.6 27.6 28.6 29.6 20.6 33.6 33.6 23.6 24.6 25.6"', '"11.0 12.0 13.0 14.0 15.0 16.0 17.0 18.0 19.0 20.0 21.0 22.0 23.0 24.0 25.0
11.0 12.0 13.0 14.0 15.0 16.0 17.0 18.0 19.0 20.0 21.0 22.0 23.0 24.0 25.0
11.0 12.0 13.0 14.0 15.0 16.0 17.0 18.0 19.0 20.0 21.0 22.0 23.0 24.0 25.0
11.0 12.0 13.0 14.0 15.0 16.0 17.0 18.0 19.0 20.0 21.0 22.0 23.0 24.0 25.0
11.0 12.0 13.0 14.0 15.0 16.0 17.0 18.0 19.0 20.0 21.0 22.0 23.0 24.0 25.0
11.0 12.0 13.0 14.0 15.0 16.0 17.0 18.0 19.0 20.0 21.0 22.0 23.0 24.0 25.0
11.0 12.0 13.0 14.0 15.0 16.0 17.0 18.0 19.0 20.0 21.0 22.0 23.0 24.0 25.0
11.0 12.0 13.0 14.0 15.0 16.0 17.0 18.0 19.0 20.0 21.0 22.0 23.0 24.0 25.0
11.0 12.0 13.0 14.0 15.0 16.0 17.0 18.0 19.0 20.0 21.0 22.0 23.0 24.0 25.0
11.0 12.0 13.0 14.0 15.0 16.0 17.0 18.0 19.0 20.0 21.0 22.0 23.0 24.0 25.0"', '"22.3 22.3 23.3 24.3 25.3 26.3 27.3 28.3 29.3 20.3 22.3 22.3 23.3 24.3 25.3
22.3 22.3 23.3 24.3 25.3 26.3 27.3 28.3 29.3 20.3 22.3 22.3 23.3 24.3 25.3 
22.3 22.3 23.3 24.3 25.3 26.3 27.3 28.3 29.3 20.3 22.3 22.3 23.3 24.3 25.3
22.3 22.3 23.3 24.3 25.3 26.3 27.3 28.3 29.3 20.3 22.3 22.3 23.3 24.3 25.3
22.3 22.3 23.3 24.3 25.3 26.3 27.3 28.3 29.3 20.3 22.3 22.3 23.3 24.3 25.3
22.3 22.3 23.3 24.3 25.3 26.3 27.3 28.3 29.3 20.3 22.3 22.3 23.3 24.3 25.3
22.3 22.3 23.3 24.3 25.3 26.3 27.3 28.3 29.3 20.3 22.3 22.3 23.3 24.3 25.3
22.3 22.3 23.3 24.3 25.3 26.3 27.3 28.3 29.3 20.3 22.3 22.3 23.3 24.3 25.3
22.3 22.3 23.3 24.3 25.3 26.3 27.3 28.3 29.3 20.3 22.3 22.3 23.3 24.3 25.3
22.3 22.3 23.3 24.3 25.3 26.3 27.3 28.3 29.3 20.3 22.3 22.3 23.3 24.3 25.3"', '"11.1 12.1 13.1 14.1 15.1 16.1 17.1 18.1 19.1 20.1 21.1 22.1 23.1 24.1 25.1
11.1 12.1 13.1 14.1 15.1 16.1 17.1 18.1 19.1 20.1 21.1 22.1 23.1 24.1 25.1
11.1 12.1 13.1 14.1 15.1 16.1 17.1 18.1 19.1 20.1 21.1 22.1 23.1 24.1 25.1
11.1 12.1 13.1 14.1 15.1 16.1 17.1 18.1 19.1 20.1 21.1 22.1 23.1 24.1 25.1
11.1 12.1 13.1 14.1 15.1 16.1 17.1 18.1 19.1 20.1 21.1 22.1 23.1 24.1 25.1
11.1 12.1 13.1 14.1 15.1 16.1 17.1 18.1 19.1 20.1 21.1 22.1 23.1 24.1 25.1
11.1 12.1 13.1 14.1 15.1 16.1 17.1 18.1 19.1 20.1 21.1 22.1 23.1 24.1 25.1
11.1 12.1 13.1 14.1 15.1 16.1 17.1 18.1 19.1 20.1 21.1 22.1 23.1 24.1 25.1
11.1 12.1 13.1 14.1 15.1 16.1 17.1 18.1 19.1 20.1 21.1 22.1 23.1 24.1 25.1
11.1 12.1 13.1 14.1 15.1 16.1 17.1 18.1 19.1 20.1 21.1 22.1 23.1 24.1 25.1"', 'NULL', 'NULL', 'NULL', 'NULL', 2, '0 0.8 1.0 1.2 2.4 4.7 5.0 6.0 7.0 8.0 9.0 10.0 11.0 12.0 15.0', '0 10 20 30 40 50 60 70 80 90'),
(29, 7, 'hajqasem', 'UN', '0.2100 0.2067 0.3655 0.5142 0.3943 0.3510 0.2769 0.1912 0.1337 0.1118', '0.2100 0.2067 0.3655 0.5142 0.3943 0.3510 0.2769 0.1912 0.1337 0.1118', '3.5008 3.7070 3.9419 3.5409 4.0852 3.7815 2.9966 2.0856 1.4209 1.5413', '1.7340 1.7736 1.8252 1.8060 1.7388 1.6584 1.6440 1.6212 1.5816 1.5828', '-1.2351 -1.9581 -2.6489 -3.1382 -2.0587 -1.9305 -2.0122 -2.0590 -1.8445 -1.8196''', 'NULL', '-1.2351 -1.9581 -2.6489 -3.1382 -2.0587 -1.9305 -2.0122 -2.0590 -1.8445 -1.8196''', '0 0 0 0 0 0 0 0 0 0', 1, '0 0.8 1.0 1.2 1.5  2.0 3.0 5.0 10.00 20.0000', 'NULL'),
(30, 7, 'hajqasem', 'UN', '0.2100 0.2067 0.3655 0.5142 0.3943 0.3510 0.2769 0.1912 0.1337 0.1118', '0.2100 0.2067 0.3655 0.5142 0.3943 0.3510 0.2769 0.1912 0.1337 0.1118', '3.5008 3.7070 3.9419 3.5409 4.0852 3.7815 2.9966 2.0856 1.4209 1.5413', '1.7340 1.7736 1.8252 1.8060 1.7388 1.6584 1.6440 1.6212 1.5816 1.5828', '-1.2351 -1.9581 -2.6489 -3.1382 -2.0587 -1.9305 -2.0122 -2.0590 -1.8445 -1.8196''', 'NULL', '-1.2351 -1.9581 -2.6489 -3.1382 -2.0587 -1.9305 -2.0122 -2.0590 -1.8445 -1.8196''', '0 0 0 0 0 0 0 0 0 0', 2, '0 0.8 1.0 1.2 1.5  2.0 3.0 5.0 10.00 20.0000', '0'),
(31, 7, 'hajqasem', 'RV', '0.2212 0.2572 0.3935 0.4659 0.3549 0.3112 0.2353 0.1572 0.1120 0.0987', '0.2212 0.2572 0.3935 0.4659 0.3549 0.3112 0.2353 0.1572 0.1120 0.0987', '2.8304 2.9966 3.2372 2.8591 2.3434 2.2460 2.2918 2.3033 2.0684 2.0741', '1.7340 1.7736 1.8252 1.8060 1.7388 1.6584 1.6440 1.6212 1.5816 1.5828', '-1.2351 -1.9581 -2.6489 -3.1382 -2.0587 -1.9305 -2.0122 -2.0590 -1.8445 -1.8196''', 'NULL', '-1.2351 -1.9581 -2.6489 -3.1382 -2.0587 -1.9305 -2.0122 -2.0590 -1.8445 -1.8196''', '0 0 0 0 0 0 0 0 0 0', 1, '0 0.8 1.0 1.2 1.5  2.0 3.0 5.0 10.00 20.0000', 'NULL'),
(32, 7, 'hajqasem', 'RV', '"
0.2212  0.2572   0.3935   0.4659   0.3549   0.3112   0.2353   0.1572  0.1120   0.0987
0.2189  0.2540   0.3883   0.4595   0.3258   0.3008   0.2387   0.1700  0.1311   0.1208
0.1979  0.2306   0.3587   0.4255   0.2438   0.2712   0.2477   0.2053  0.1843   0.1824
0.1356  0.1602   0.2706   0.3238   0.1239   0.2265   0.2589   0.2546  0.2597   0.2698
0.1612  0.1804   0.2752   0.3184   0.0116   0.1731   0.2673   0.3056  0.3396   0.3630
0.1302  0.1430   0.2193   0.2500   0.1374   0.1182   0.2669   0.3440  0.4039   0.4390
0.0967  0.1036   0.1613   0.1801   0.2289   0.0684   0.2522   0.3559  0.4330   0.4753
0.0628  0.0653   0.1058   0.1145   0.2655   0.0295   0.2178   0.3289  0.4098   0.4526
0.0305  0.0305   0.0568   0.0583   0.2284   0.0052   0.1572   0.2496  0.3160   0.3503
0.0014  0.0014   0.0172   0.0152   0.0143   0.0113   0.0064   0.0037  0.0019   0.0011
-0.0245    -0.0276    -0.0193    -0.0268    -0.0332    -0.0393    -0.0443    -0.0470    -0.0487    -0.0495
-0.0992    -0.1109    -0.1243    -0.1474    -0.1699    -0.1852    -0.1901    -0.1928    -0.1946    -0.1954
-0.2136    -0.2386    -0.2853    -0.3323    -0.3794    -0.4087    -0.4136    -0.4163    -0.4180    -0.4189
-0.3539    -0.3953    -0.4827    -0.5592    -0.6364    -0.6828    -0.6877    -0.6904    -0.6922    -0.6930
-0.5033    -0.5620    -0.6928    -0.8005    -0.9099    -0.9745    -0.9794    -0.9821    -0.9839    -0.9847
-0.6436    -0.7186    -0.8903    -1.0273    -1.1669    -1.2486    -1.2536    -1.2563    -1.2580    -1.2588
-0.7580    -0.8463    -1.0512    -1.2122    -1.3764    -1.4721    -1.4771    -1.4797    -1.4815    -1.4823
-0.8326    -0.9297    -1.1563    -1.3329    -1.5131    -1.6180    -1.6229    -1.6256    -1.6274    -1.6282
-0.8586    -0.9586    -1.1928    -1.3748    -1.5606    -1.6686    -1.6736    -1.6763    -1.6780    -1.6788"', '"
0.2212  0.2572   0.3935   0.4659   0.3549   0.3112   0.2353   0.1572  0.1120   0.0987
0.2189  0.2540   0.3883   0.4595   0.3258   0.3008   0.2387   0.1700  0.1311   0.1208
0.1979  0.2306   0.3587   0.4255   0.2438   0.2712   0.2477   0.2053  0.1843   0.1824
0.1356  0.1602   0.2706   0.3238   0.1239   0.2265   0.2589   0.2546  0.2597   0.2698
0.1612  0.1804   0.2752   0.3184   0.0116   0.1731   0.2673   0.3056  0.3396   0.3630
0.1302  0.1430   0.2193   0.2500   0.1374   0.1182   0.2669   0.3440  0.4039   0.4390
0.0967  0.1036   0.1613   0.1801   0.2289   0.0684   0.2522   0.3559  0.4330   0.4753
0.0628  0.0653   0.1058   0.1145   0.2655   0.0295   0.2178   0.3289  0.4098   0.4526
0.0305  0.0305   0.0568   0.0583   0.2284   0.0052   0.1572   0.2496  0.3160   0.3503
0.0014  0.0014   0.0172   0.0152   0.0143   0.0113   0.0064   0.0037  0.0019   0.0011
-0.0245    -0.0276    -0.0193    -0.0268    -0.0332    -0.0393    -0.0443    -0.0470    -0.0487    -0.0495
-0.0992    -0.1109    -0.1243    -0.1474    -0.1699    -0.1852    -0.1901    -0.1928    -0.1946    -0.1954
-0.2136    -0.2386    -0.2853    -0.3323    -0.3794    -0.4087    -0.4136    -0.4163    -0.4180    -0.4189
-0.3539    -0.3953    -0.4827    -0.5592    -0.6364    -0.6828    -0.6877    -0.6904    -0.6922    -0.6930
-0.5033    -0.5620    -0.6928    -0.8005    -0.9099    -0.9745    -0.9794    -0.9821    -0.9839    -0.9847
-0.6436    -0.7186    -0.8903    -1.0273    -1.1669    -1.2486    -1.2536    -1.2563    -1.2580    -1.2588
-0.7580    -0.8463    -1.0512    -1.2122    -1.3764    -1.4721    -1.4771    -1.4797    -1.4815    -1.4823
-0.8326    -0.9297    -1.1563    -1.3329    -1.5131    -1.6180    -1.6229    -1.6256    -1.6274    -1.6282
-0.8586    -0.9586    -1.1928    -1.3748    -1.5606    -1.6686    -1.6736    -1.6763    -1.6780    -1.6788"', '"
0         0         0         0         0         0         0         0         0         0
0.4695   0.5074   0.5661   0.5346   0.4769   0.4657   0.4430   0.4321   0.4099   0.4084
0.8893   0.9837   1.1341   1.1403   1.0896   1.0792   0.9713   0.9246   0.9179   0.9104
1.1832   1.4239   1.7291   1.8489   1.7411   1.6193   1.4703   1.4543   1.4425   1.4329
1.4332   1.8813   2.2990   2.4378   2.2222   2.0774   1.9550   1.9468   1.9274   1.9162
1.5819   2.2386   2.6979   2.8004   2.5789   2.4320   2.3565   2.3406   2.3198   2.3076
1.6220   2.4014   2.8820   3.0094   2.7800   2.6810   2.6252   2.6036   2.5826   2.5699
1.5550   2.4296   2.8955   3.0767   2.8461   2.7875   2.7467   2.7202   2.6994   2.6862
1.4041   2.3345   2.7891   2.9878   2.7677   2.7461   2.7226   2.6911   2.6706   2.6570
1.2016   2.1408   2.5865   2.7837   2.5715   2.5756   2.5692   2.5327   2.5126   2.4987
1.4089   2.3440   2.8016   2.9954   2.7707   2.7480   2.7233   2.6914   2.6705   2.6567
1.5606   2.4473   2.9204   3.0932   2.8531   2.7898   2.7470   2.7198   2.6982   2.6846
1.6251   2.4263   2.9196   3.0364   2.7922   2.6824   2.6238   2.6013   2.5790   2.5657
1.5874   2.2626   2.7397   2.8337   2.5948   2.4304   2.3475   2.3332   2.3115   2.2988
1.4487   1.8949   2.3225   2.4538   2.2299   2.0746   1.9418   1.9281   1.9130   1.9019
1.2510   1.4417   1.7418   1.8438   1.7295   1.6116   1.4543   1.4326   1.4240   1.4154
0.8902   0.9719   1.1051   1.1038   1.0578   1.0588   0.9556   0.9063   0.8967   0.8939
0.4464   0.4746   0.5216   0.4978   0.4522   0.4472   0.4305   0.4225   0.4026   0.3998
0         0         0         0         0         0         0         0         0         0"', '"
1.7340    1.7736    1.8252    1.8060    1.7388    1.6584    1.6440    1.6212    1.5816    1.5828
1.7172    1.7568    1.8072    1.7964    1.7484    1.6824    1.6644    1.6476    1.6284    1.6260
1.6980    1.7400    1.7904    1.7868    1.7544    1.7004    1.6824    1.6716    1.6656    1.6596
1.6656    1.7328    1.7784    1.7808    1.7580    1.7076    1.6980    1.6956    1.6896    1.6848
1.6764    1.7448    1.7820    1.7844    1.7640    1.7220    1.7196    1.7184    1.7112    1.7076
1.6968    1.7616    1.7916    1.7916    1.7736    1.7412    1.7424    1.7400    1.7340    1.7304
1.7292    1.7820    1.8072    1.8060    1.7868    1.7640    1.7664    1.7616    1.7568    1.7532
1.7712    1.8084    1.8288    1.8240    1.8048    1.7916    1.7916    1.7868    1.7808    1.7784
1.8252    1.8408    1.8552    1.8480    1.8264    1.8204    1.8204    1.8132    1.8072    1.8048
1.8972    1.8792    1.8876    1.8744    1.8504    1.8540    1.8504    1.8420    1.8360    1.8324
1.8156    1.8348    1.8516    1.8432    1.8168    1.8168    1.8132    1.8048    1.7988    1.7952
1.7508    1.7976    1.8204    1.8168    1.7868    1.7820    1.7796    1.7688    1.7640    1.7604
1.7004    1.7676    1.7964    1.7964    1.7616    1.7520    1.7472    1.7364    1.7304    1.7268
1.6632    1.7412    1.7784    1.7808    1.7412    1.7232    1.7148    1.7052    1.6980    1.6944
1.6416    1.7172    1.7616    1.7664    1.7232    1.6992    1.6824    1.6704    1.6644    1.6608
1.6560    1.7016    1.7496    1.7520    1.7040    1.6800    1.6524    1.6344    1.6296    1.6248
1.6524    1.6920    1.7388    1.7340    1.6740    1.6596    1.6272    1.5972    1.5876    1.5852
1.6392    1.6740    1.7220    1.7136    1.6356    1.6188    1.5924    1.5624    1.5420    1.5360
2.2728    2.2752    2.2872    2.4180    2.4096    2.3928    2.3736    2.3556    2.3388    2.3268"', 'NULL', 'NULL', 'NULL', 'NULL', 2, '0 0.8 1.0 1.2 1.5  2.0 3.0 5.0 10.00 20.0000', '0 10 20 30 40 50 60 70 80 90 100.0   110.0   120.0   130.0   140.0   150.0   160.0   170.0   180.1'),
(33, 7, 'hajqasem', 'BT', '0.2329 0.1936 1.1830 3.3164 1.5798 1.6394 1.6455 1.6009 1.5627 1.5461', '0.2329 0.1936 1.1830 3.3164 1.5798 1.6394 1.6455 1.6009 1.5627 1.546', '0 0 0 0 0 0 0 0 0 0', '11.3238 12.3313 13.4325 18.0913 17.3700 17.0850 7.2050 6.9950 7.2613 7.3013', '-53.8507  -60.5182  -78.5237  -86.6102  -15.1271  -11.3784  -45.2940  -45.0033  -15.2516  -14.0630''', 'NULL', '0 0 0 0 0 0 0 0 0 0', '0 0 0 0 0 0 0 0 0 0', 1, '0 0.8 1.0 1.2 1.5  2.0 3.0 5.0 10.00 20.0000', 'NULL'),
(34, 7, 'hajqasem', 'BT', '"0.2329    0.1936    1.1830    3.3164   1.5798   1.6394   1.6455   1.6009   1.5627   1.5461
0.2309    0.1898    1.1642    3.2663   1.5634   1.6243   1.6320   1.5890   1.5521   1.5361
0.2074    0.2011    1.1424    3.1685   1.5146   1.5793   1.5913   1.5530   1.5199   1.5056
0.1052    0.3273    1.2806    3.2552   1.4351   1.5048   1.5231   1.4921   1.4646   1.4528
0.1700    0.0822    0.6360    1.8814   1.3271   1.4016   1.4269   1.4045   1.3837   1.3749
0.1379    0.0405    0.4123    1.2847   1.1922   1.2695   1.3009   1.2873   1.2735   1.2677
0.1033    0.0055    0.2076    0.7296   1.0308   1.1068   1.1418   1.1358   1.1282   1.1251
0.0685    0.0167    0.0489    0.2857   0.8381   0.9066   0.9409   0.9401   0.9369   0.9355
0.0357    0.0215    0.0419    0.0093   0.5947   0.6462   0.6726   0.6724   0.6708   0.6697
0.0064    0.0061    0.0508    0.0630   0.0559   0.0501   0.0380   0.0202   0.0100   0.0054
-0.0196    -0.0228    -0.0144    -0.0211    -0.0084    -0.0006    -0.0127    -0.0305    -0.0407    -0.0453
-0.0942    -0.1062    -0.0907    -0.0996    -0.1284    -0.1465    -0.1586    -0.1764    -0.1866    -0.1911
-0.2086    -0.2339    -0.2517    -0.2845    -0.3379    -0.3699    -0.3820    -0.3998    -0.4100    -0.4146
-0.3490    -0.3905    -0.4491    -0.5113    -0.5949    -0.6441    -0.6562    -0.6740    -0.6842    -0.6887
-0.4983    -0.5572    -0.6592    -0.7527    -0.8684    -0.9358    -0.9479    -0.9657    -0.9759    -0.9805
-0.6386    -0.7139    -0.8566    -0.9795    -1.1254    -1.2099    -1.2220    -1.2398    -1.2500    -1.2546
-0.7530    -0.8416    -1.0176    -1.1644    -1.3349    -1.4334    -1.4455    -1.4633    -1.4735    -1.4781
-0.8277    -0.9249    -1.1227    -1.2851    -1.4716    -1.5793    -1.5914    -1.6092    -1.6194    -1.6239
-0.8536    -0.9539    -1.1591    -1.3270    -1.5191    -1.6299    -1.6420    -1.6598    -1.6700    -1.6746"', '"0.2329    0.1936    1.1830    3.3164   1.5798   1.6394   1.6455   1.6009   1.5627   1.5461
0.2309    0.1898    1.1642    3.2663   1.5634   1.6243   1.6320   1.5890   1.5521   1.5361
0.2074    0.2011    1.1424    3.1685   1.5146   1.5793   1.5913   1.5530   1.5199   1.5056
0.1052    0.3273    1.2806    3.2552   1.4351   1.5048   1.5231   1.4921   1.4646   1.4528
0.1700    0.0822    0.6360    1.8814   1.3271   1.4016   1.4269   1.4045   1.3837   1.3749
0.1379    0.0405    0.4123    1.2847   1.1922   1.2695   1.3009   1.2873   1.2735   1.2677
0.1033    0.0055    0.2076    0.7296   1.0308   1.1068   1.1418   1.1358   1.1282   1.1251
0.0685    0.0167    0.0489    0.2857   0.8381   0.9066   0.9409   0.9401   0.9369   0.9355
0.0357    0.0215    0.0419    0.0093   0.5947   0.6462   0.6726   0.6724   0.6708   0.6697
0.0064    0.0061    0.0508    0.0630   0.0559   0.0501   0.0380   0.0202   0.0100   0.0054
-0.0196    -0.0228    -0.0144    -0.0211    -0.0084    -0.0006    -0.0127    -0.0305    -0.0407    -0.0453
-0.0942    -0.1062    -0.0907    -0.0996    -0.1284    -0.1465    -0.1586    -0.1764    -0.1866    -0.1911
-0.2086    -0.2339    -0.2517    -0.2845    -0.3379    -0.3699    -0.3820    -0.3998    -0.4100    -0.4146
-0.3490    -0.3905    -0.4491    -0.5113    -0.5949    -0.6441    -0.6562    -0.6740    -0.6842    -0.6887
-0.4983    -0.5572    -0.6592    -0.7527    -0.8684    -0.9358    -0.9479    -0.9657    -0.9759    -0.9805
-0.6386    -0.7139    -0.8566    -0.9795    -1.1254    -1.2099    -1.2220    -1.2398    -1.2500    -1.2546
-0.7530    -0.8416    -1.0176    -1.1644    -1.3349    -1.4334    -1.4455    -1.4633    -1.4735    -1.4781
-0.8277    -0.9249    -1.1227    -1.2851    -1.4716    -1.5793    -1.5914    -1.6092    -1.6194    -1.6239
-0.8536    -0.9539    -1.1591    -1.3270    -1.5191    -1.6299    -1.6420    -1.6598    -1.6700    -1.6746"', '"0         0         0         0         0         0         0         0         0         0
0.6039   0.6964  0.7452   0.6693   0.7336   0.7382   0.7987   0.7029   0.5545   0.5496
1.6314   2.0110  2.3257   2.3948   2.7577   2.8528   2.4781   2.0844   2.0160   1.9945
2.8338   3.8914  5.0084   5.6387   5.7295   5.1354   4.5040   4.2651   4.1776   4.1465
3.9236   6.4883  8.1794   8.8595   8.3496   7.5959   7.1330   6.9202   6.8029   6.7672
5.1213   9.2944  11.1017  11.4787  10.9589  10.1191  9.9558   9.7104   9.5894   9.5516
6.3190  11.5021  13.3395  13.8405  13.2183  12.6181  12.6421  12.3135  12.2052  12.1688
7.3109  13.2974  14.9495  15.7990  15.0787  14.6717  14.8895  14.4348  14.3501  14.3165
7.9680  14.4778  16.0177  17.0027  16.2428  15.9994  16.4112  15.8390  15.7811  15.7504
8.2116  14.9087  16.4096  17.4335  16.6179  16.4528  17.0513  16.3674  16.3360  16.3082
7.9792  14.4951  16.0332  17.0066  16.2437  15.9998  16.4106  15.8387  15.7807  15.7500
7.3325  13.3318  14.9797  15.8060  15.0800  14.6706  14.8850  14.4328  14.3478  14.3140
6.3516  11.5552  13.3860  13.8502  13.2192  12.6125  12.6265  12.3069  12.1977  12.1608
5.1905   9.3564  11.1528  11.4813  10.9485  10.1014   9.9292   9.6912   9.5687   9.5306
4.1144   6.5856   8.2409   8.8426   8.3119   7.5553   7.0890   6.8708   6.7622   6.7274
2.7569   3.7906   4.9095   5.5380   5.6488   5.0627   4.4547   4.2037   4.1197   4.0917
1.4707   1.8099   2.1397   2.2480   2.6438   2.7606   2.4293   2.0285   1.9493   1.9411
0.4880   0.5557   0.6149   0.5694   0.6527   0.6722   0.7542   0.6722   0.5275   0.5182
0         0         0         0         0         0         0         0         0         0"', '11.3238   12.3313   13.4325   18.0913   17.3700   17.0850    7.2050    6.9950    7.2613    7.3013
9.8012    9.9663    9.6563    8.8775    7.6788    7.1063    6.6213    6.6925    6.7250    6.6738
9.0688    9.0525    8.5850    7.7575    7.0000    6.6888    6.4413    6.5813    6.6650    6.6025
8.4500    8.2338    7.7500    7.1413    6.7550    6.5988    6.4175    6.5438    6.6000    6.5563
7.7650    7.5488    7.2888    6.9188    6.6925    6.5700    6.4550    6.5563    6.5775    6.5463
7.3975    7.2338    7.0925    6.8263    6.6613    6.5700    6.5175    6.5650    6.5738    6.5513
7.2413    7.0988    7.0050    6.7700    6.6475    6.5813    6.6025    6.5775    6.5800    6.5625
7.1700    7.0288    6.9675    6.7413    6.6500    6.6075    6.7000    6.5975    6.5963    6.5825
7.1500    7.0025    6.9588    6.7375    6.6713    6.6463    6.7963    6.6288    6.6225    6.6113
7.1738    7.0138    6.9750    6.7525    6.7063    6.6988    6.9038    6.6725    6.6613    6.6513
7.2013    7.0325    6.9850    6.7588    6.7475    6.7325    6.8788    6.6700    6.6438    6.6325
7.2800    7.0938    7.0238    6.7875    6.8163    6.7963    6.8788    6.6875    6.6425    6.6288
7.4225    7.2075    7.0963    6.8450    6.9163    6.8925    6.8988    6.7263    6.6563    6.6388
7.6888    7.3913    7.2213    6.9300    7.0400    7.0238    6.9613    6.7825    6.6825    6.6600
8.2700    7.8025    7.4738    7.0450    7.1925    7.1825    7.0850    6.8500    6.7188    6.6888
8.7400    8.4138    7.8813    7.2438    7.3725    7.3850    7.3113    6.9538    6.7813    6.7425
9.2788    9.1475    8.6475    7.8250    7.8975    7.7038    7.6525    7.1975    6.8875    6.8638
10.1200   10.1738    9.8188    9.0450    9.5550    9.2500    8.5863    7.6925    7.2675    7.1750
12.3075   12.3075   12.3087   12.3825   12.4113   12.4300   12.4675   12.4938   12.5013   12.5050', 'NULL', 'NULL', 'NULL', 'NULL', 2, '0 0.8 1.0 1.2 1.5  2.0 3.0 5.0 10.00 20.0000', '0 10 20 30 40 50 60 70 80 90 100.0   110.0   120.0   130.0   140.0   150.0   160.0   170.0   180.1');

CREATE TABLE `images` (
  `idimages` int NOT NULL,
  `missile_id` int NOT NULL,
  `missile_name` varchar(70) DEFAULT NULL,
  `part_name` varchar(10) NOT NULL,
  `image_type` varchar(45) DEFAULT NULL,
  `image_path` varchar(255) DEFAULT NULL,
  `image_description` varchar(2000) DEFAULT NULL,
  KEY `missile_id_idx` (`missile_id`),
  CONSTRAINT `im_missile_id` FOREIGN KEY (`missile_id`) REFERENCES `missiles` (`id`)
) ENGINE=InnoDB DEFAULT CHARSET=utf8mb4 COLLATE=utf8mb4_0900_ai_ci;

INSERT INTO images (idimages, missile_id, missile_name, part_name, image_type, image_path, image_description) VALUES 
(39, 4, 'bulava', 'UN', 'executiveSummary', 'BULAVA_ES_1.png', 'bulava executiveSummary UN'),
(40, 4, 'bulava', 'UN', 'executiveSummary', 'BULAVA_ES_5.png', 'bulava executiveSummary UN'),
(41, 4, 'bulava', 'UN', 'executiveSummary', 'BULAVA_ES_12.png', 'bulava executiveSummary UN'),
(42, 4, 'bulava', 'RV', 'executiveSummary', 'BULAVA_ES_14.png', 'bulava executiveSummary RV'),
(43, 4, 'bulava', 'UN', 'physicalData', 'BULAVA_PD_20.png', 'bulava physicalData UN'),
(44, 4, 'bulava', 'UN', 'physicalData', 'BULAVA_PD_21.png', 'bulava physicalData UN'),
(45, 4, 'bulava', 'UN', 'physicalData', 'BULAVA_PD_22.png', 'bulava physicalData UN'),
(46, 4, 'bulava', 'UN', 'physicalData', 'BULAVA_PD_6.png', 'bulava physicalData UN'),
(47, 4, 'bulava', 'RV', 'physicalData', 'BULAVA_PD_7.png', 'bulava physicalData RV'),
(48, 4, 'bulava', 'RV', 'physicalData', 'BULAVA_PD_8.png', 'bulava physicalData RV'),
(49, 4, 'bulava', 'RV', 'physicalData', 'BULAVA_PD_3.png', 'bulava physicalData RV'),
(50, 4, 'bulava', 'RV', 'physicalData', 'BULAVA_PD_10.png', 'bulava physicalData RV'),
(51, 4, 'bulava', 'UN', 'physicalData', 'BULAVA_PD_11.png', 'bulava physicalData UN'),
(52, 4, 'bulava', 'UN', 'physicalData', 'BULAVA_PD_13.png', 'bulava physicalData UN'),
(53, 4, 'bulava', 'UN', 'physicalData', 'BULAVA_PD_14.png', 'bulava physicalData UN'),
(54, 4, 'bulava', 'UN', '3dModel', 'Bulava_S1.obj', 'bulava 3dModel UN'),
(55, 4, 'bulava', 'RV', '3dModel', 'Bulava_S3.obj', 'bulava 3dModel RV'),
(56, 4, 'bulava', 'BT', '3dModel', 'Bulava_BT.obj', 'bulava 3dModel BT'),
(57, 4, 'bulava', 'UN', 'rcs', 'BULAVA_RCS_1.png', 'bulava rcs UN'),
(58, 4, 'bulava', 'RV', 'rcs', 'BULAVA_RCS_2.png', 'bulava rcs RV'),
(59, 4, 'bulava', 'BT', 'rcs', 'BULAVA_RCS_3.png', 'bulava rcs BT'),
(60, 4, 'bulava', 'UN', 'thermal', 'BULAVA_TL_1.png', 'bulava thermal UN'),
(61, 4, 'bulava', 'RV', 'thermal', 'BULAVA_TL_2.png', 'bulava thermal RV'),
(62, 4, 'bulava', 'RV', 'thermal', 'BULAVA_TL_3.png', 'bulava thermal RV'),
(63, 4, 'bulava', 'BT', 'thermal', 'BULAVA_TL_4.png', 'bulava thermal BT'),
(64, 5, 'emad', 'UN', '3dModel', 'emadUN.obj', 'emad 3dModel UN'),
(65, 5, 'emad', 'RV', '3dModel', 'emadRV.obj', 'emad 3dModel RV'),
(66, 5, 'emad', 'BT', '3dModel', 'emadBT.obj', 'emad 3dModel BT'),
(67, 5, 'emad', 'RV', 'executiveSummary', 'EMAD_ES_1.png', 'emad executiveSummary RV'),
(68, 5, 'emad', 'RV', 'executiveSummary', 'EMAD_ES_2.png', 'emad executiveSummary RV'),
(69, 5, 'emad', 'RV', 'executiveSummary', 'EMAD_ES_3.png', 'emad executiveSummary RV'),
(70, 5, 'emad', 'RV', 'executiveSummary', 'EMAD_ES_4.png', 'emad executiveSummary RV'),
(71, 5, 'emad', 'RV', 'executiveSummary', 'EMAD_ES_5.png', 'emad executiveSummary RV'),
(72, 5, 'emad', 'RV', 'executiveSummary', 'EMAD_ES_6.png', 'emad executiveSummary RV'),
(73, 5, 'emad', 'RV', 'executiveSummary', 'EMAD_ES_7.png', 'emad executiveSummary RV'),
(74, 5, 'emad', 'RV', 'executiveSummary', 'EMAD_ES_8.png', 'emad executiveSummary RV'),
(75, 5, 'emad', 'UN', 'physicalData', 'EMAD_PD_1.png', 'emad physicalData UN'),
(76, 5, 'emad', 'RV', 'rcs', 'EMAD_RCS_1.png', 'emad rcs RV'),
(77, 5, 'emad', 'RV', 'rcs', 'EMAD_RCS_2.png', 'emad rcs RV'),
(78, 5, 'emad', 'BT', 'rcs', 'EMAD_RCS_3.png', 'emad rcs BT'),
(79, 5, 'emad', 'UN', 'thermal', 'EMAD_TL_1.png', 'emad thermal UN'),
(80, 5, 'emad', 'RV', 'thermal', 'EMAD_TL_2.png', 'emad thermal RV'),
(81, 5, 'emad', 'RV', 'thermal', 'EMAD_TL_3.png', 'emad thermal RV'),
(82, 5, 'emad', 'BT', 'thermal', 'EMAD_TL_4.png', 'emad thermal BT'),
(83, 6, 'shahed136', 'UN', 'executiveSummary', 'SHAHED136_ES_1.png', 'shahed136 executiveSummary UN'),
(84, 6, 'shahed136', 'UN', 'executiveSummary', 'SHAHED136_ES_2.png', 'shahed136 executiveSummary UN'),
(85, 6, 'shahed136', 'UN', 'executiveSummary', 'SHAHED136_ES_3.png', 'shahed136 executiveSummary UN'),
(86, 6, 'shahed136', 'UN', 'executiveSummary', 'SHAHED136_ES_4.png', 'shahed136 executiveSummary UN'),
(87, 6, 'shahed136', 'UN', 'executiveSummary', 'SHAHED136_ES_5.png', 'shahed136 executiveSummary UN'),
(88, 6, 'shahed136', 'UN', 'executiveSummary', 'SHAHED136_ES_6.png', 'shahed136 executiveSummary UN'),
(89, 6, 'shahed136', 'UN', 'executiveSummary', 'SHAHED136_ES_7.png', 'shahed136 executiveSummary UN'),
(90, 6, 'shahed136', 'UN', 'executiveSummary', 'SHAHED136_ES_8.png', 'shahed136 executiveSummary UN'),
(91, 6, 'shahed136', 'UN', 'executiveSummary', 'SHAHED136_ES_9.png', 'shahed136 executiveSummary UN'),
(92, 6, 'shahed136', 'UN', 'executiveSummary', 'SHAHED136_ES_10.png', 'shahed136 executiveSummary UN'),
(93, 6, 'shahed136', 'UN', 'executiveSummary', 'SHAHED136_ES_11.png', 'shahed136 executiveSummary UN'),
(94, 6, 'shahed136', 'UN', 'rcs', 'SHAHED136_RCS_1.png', 'shahed136 rcs UN'),
(95, 6, 'shahed136', 'UN', 'rcs', 'SHAHED136_RCS_2.png', 'shahed136 rcs UN'),
(96, 6, 'shahed136', 'UN', 'rcs', 'SHAHED136_RCS_3.png', 'shahed136 rcs UN'),
(97, 6, 'shahed136', 'UN', 'rcs', 'SHAHED136_RCS_4.png', 'shahed136 rcs UN'),
(98, 6, 'shahed136', 'UN', 'physicalData', 'SHAHED136_PD_1.png', 'shahed136 physicalData UN'),
(99, 6, 'shahed136', 'UN', '3dModel', 'shahed.obj', 'shahed136 3dModel UN'),
(100, 7, 'hajqasem', 'UN', 'executiveSummary', 'HAJQASEM_ES_1.png', 'hajqasem executiveSummary UN'),
(101, 7, 'hajqasem', 'UN', 'executiveSummary', 'HAJQASEM_ES_2.png', 'hajqasem executiveSummary UN'),
(102, 7, 'hajqasem', 'UN', 'executiveSummary', 'HAJQASEM_ES_3.png', 'hajqasem executiveSummary UN'),
(103, 7, 'hajqasem', 'UN', 'executiveSummary', 'HAJQASEM_ES_4.png', 'hajqasem executiveSummary UN'),
(104, 7, 'hajqasem', 'UN', 'executiveSummary', 'HAJQASEM_ES_5.png', 'hajqasem executiveSummary UN'),
(105, 7, 'hajqasem', 'UN', 'executiveSummary', 'HAJQASEM_ES_6.png', 'hajqasem executiveSummary UN'),
(106, 7, 'hajqasem', 'UN', 'executiveSummary', 'HAJQASEM_ES_7.png', 'hajqasem executiveSummary UN'),
(107, 7, 'hajqasem', 'UN', 'executiveSummary', 'HAJQASEM_ES_8.png', 'hajqasem executiveSummary UN'),
(108, 7, 'hajqasem', 'RV', 'rcs', 'HAJQASEM_RCS_1.png', 'hajqasem rcs RV'),
(109, 7, 'hajqasem', 'RV', 'rcs', 'HAJQASEM_RCS_2.png', 'hajqasem rcs RV'),
(110, 7, 'hajqasem', 'BT', 'rcs', 'HAJQASEM_RCS_3.png', 'hajqasem rcs BT'),
(111, 7, 'hajqasem', 'UN', 'physicalData', 'HAJQASEM_PD_1.png', 'hajqasem physicalData UN'),
(112, 7, 'hajqasem', 'UN', '3dModel', 'hajqasimUN.obj', 'hajqasem 3dModel UN'),
(113, 7, 'hajqasem', 'RV', '3dModel', 'hajqasimRV.obj', 'hajqasem 3dModel RV'),
(114, 7, 'hajqasem', 'BT', '3dModel', 'hajqasimBT.obj', 'hajqasem 3dModel BT'),
(115, 7, 'hajqasem', 'UN', 'thermal', 'HAJQASEM_TL_1.png', 'hajqasem thermal UN'),
(116, 7, 'hajqasem', 'RV', 'thermal', 'HAJQASEM_TL_2.png', 'hajqasem thermal RV');

SET FOREIGN_KEY_CHECKS = 1;
